symbol,condition,window_h,n_occurrences,win_rate,baseline_wr,edge_vs_base,avg_return,median_return,edge_score
VETUSDT,strong_mom_down,12,31,0.871,0.424,0.447,0.0259,0.0242,2.1677366737311523
ARPAUSDT,squeeze_breakout_down,24,44,0.8409,0.515,0.3259,0.0178,0.0188,1.817837470651584
ARPAUSDT,low_volatility,24,54,0.8148,0.515,0.2998,0.0145,0.0124,1.7950623116323083
XRPUSDT,rsi_below_40,24,232,0.5905,0.419,0.1715,0.0066,0.0043,1.542510108521335
ARPAUSDT,bb_squeeze,24,345,0.6406,0.515,0.1256,0.0069,0.0091,1.4944662829938022
XRPUSDT,trend_down,24,480,0.5438,0.419,0.1247,0.0064,0.0029,1.485683415535291
VETUSDT,strong_mom_down,4,31,0.8065,0.476,0.3305,0.0066,0.0088,1.4840778473247072
DOGEUSDT,trend_down,24,455,0.5451,0.423,0.1221,0.0099,0.0052,1.4197031446541795
AAVEUSDT,strong_mom_down,12,119,0.6387,0.455,0.1837,0.0123,0.0057,1.2799103563533956
FLOWUSDT,trend_mixed,24,200,0.525,0.356,0.169,0.0348,0.0047,1.2547609832155286
VETUSDT,trend_down,24,463,0.5227,0.412,0.1107,0.0062,0.0028,1.245060962414059
INJUSDT,bb_squeeze,12,251,0.5657,0.427,0.1387,0.0014,0.0033,1.2430812062799972
LDOUSDT,high_volatility,24,43,0.7442,0.493,0.2512,0.015,0.0096,1.2258674923461297
DOGEUSDT,rsi_30_50,24,523,0.5239,0.423,0.1009,0.0054,0.0028,1.2089000877856255
ADAUSDT,trend_down_oversold,24,190,0.5579,0.402,0.1559,0.0062,0.0056,1.1988898325315378
ARPAUSDT,bb_squeeze,12,345,0.6058,0.5,0.1058,0.002,0.0045,1.1904865255495807
OPUSDT,bb_near_lower,24,222,0.5811,0.447,0.1341,0.0068,0.0074,1.1610639492055301
FLOWUSDT,rsi_above_65,4,94,0.6383,0.453,0.1853,0.0177,0.0108,1.1467379640376651
DOGEUSDT,trend_down,12,455,0.5319,0.432,0.0999,0.0042,0.0012,1.1334468944437255
BNBUSDT,bb_lower_high_volume,12,69,0.6522,0.444,0.2082,0.0029,0.0039,1.127940173362874
SOLUSDT,ranging_bb_upper,4,58,0.6897,0.482,0.2077,0.0077,0.0031,1.090964752298448
XRPUSDT,rsi_below_40,12,232,0.5517,0.423,0.1287,0.003,0.003,1.0814975085928176
PEPEUSDT,momentum_continuation_up,1,41,0.6585,0.403,0.2555,0.0045,0.0057,1.077304842794305
DOGEUSDT,price_below_ema50,24,582,0.5103,0.423,0.0873,0.0063,0.0021,1.0747347821020077
SUIUSDT,strong_mom_down,12,83,0.6386,0.456,0.1826,0.0119,0.0053,1.0623527185529469
ADAUSDT,rsi_below_40,24,332,0.5151,0.402,0.1131,0.0033,0.0011,1.0615078169428172
LTCUSDT,trend_down,24,411,0.5523,0.458,0.0943,0.004,0.0035,1.0558631835207313
ARPAUSDT,low_volatility,12,54,0.7037,0.5,0.2037,0.0086,0.0067,1.0533566950430748
INJUSDT,rsi_below_30,4,63,0.6508,0.447,0.2038,0.0045,0.0049,1.052742118411447
XRPUSDT,rsi_below_30,4,63,0.6667,0.469,0.1977,0.0037,0.0021,1.0461823748983587
LTCUSDT,price_below_ema50,24,522,0.5421,0.458,0.0841,0.0035,0.0035,1.0416232245537906
XRPUSDT,trend_down,12,480,0.5146,0.423,0.0916,0.0033,0.0011,1.0327278149296686
BNBUSDT,momentum_4h_pos,12,107,0.6075,0.444,0.1635,0.0053,0.0032,1.027438719087269
DOGEUSDT,rsi_below_40,24,261,0.5402,0.423,0.1172,0.0093,0.0049,1.022827615731023
INJUSDT,trend_down,24,463,0.527,0.437,0.09,0.0007,0.0051,1.0205719321537312
ARPAUSDT,price_below_ema50,24,484,0.593,0.515,0.078,0.0044,0.0052,1.017588
LDOUSDT,high_volatility,12,43,0.6977,0.477,0.2207,0.0129,0.0135,1.009730056250095
BNBUSDT,oversold_high_volume,12,50,0.66,0.444,0.216,0.0048,0.0031,1.0080514272595422
PEPEUSDT,bb_upper_high_volume,1,64,0.6094,0.403,0.2064,0.0033,0.0029,1.00624128
SUIUSDT,strong_mom_down,4,83,0.6386,0.467,0.1716,0.0029,0.0027,0.9983555668328897
ETHUSDT,trend_down,24,391,0.5729,0.485,0.0879,0.0107,0.0068,0.9957632087655816
ADAUSDT,rsi_below_35,24,199,0.5327,0.402,0.1307,0.0044,0.0034,0.9821658341072999
XRPUSDT,trend_down_oversold,24,124,0.5726,0.419,0.1536,0.0055,0.0041,0.9793848957408676
XRPUSDT,bb_near_lower,12,231,0.5411,0.423,0.1181,0.0027,0.0029,0.9712553442682058
ARPAUSDT,rsi_below_30,12,36,0.7222,0.5,0.2222,0.0098,0.0083,0.9628370399999999
XRPUSDT,bb_near_lower,24,231,0.5368,0.419,0.1178,0.0011,0.0013,0.9610894003984072
AAVEUSDT,squeeze_breakout_down,24,40,0.65,0.419,0.231,0.0137,0.0115,0.9496319813485645
VETUSDT,price_below_ema50,24,575,0.4922,0.412,0.0802,0.0032,0.0002,0.9465638185855828
XRPUSDT,bb_lower_high_volume,12,67,0.6119,0.423,0.1889,0.006,0.0061,0.9461278195134435
ARPAUSDT,trend_down,24,354,0.5989,0.515,0.0839,0.0048,0.0052,0.9454050219490118
PEPEUSDT,trend_down,24,525,0.4781,0.392,0.0861,0.0035,0.0,0.9431951238159856
VETUSDT,rsi_below_40,24,283,0.5194,0.412,0.1074,0.0034,0.0019,0.9384247307351978
SOLUSDT,rsi_30_50,24,464,0.5388,0.459,0.0798,0.0053,0.0047,0.9261673539484352
XRPUSDT,rsi_below_35,24,128,0.5625,0.419,0.1435,0.0052,0.0039,0.9132284079024262
XRPUSDT,rsi_30_50,24,500,0.5,0.419,0.081,0.0015,0.0007,0.9056075308874149
BNBUSDT,very_high_volume,12,86,0.6047,0.444,0.1607,0.0029,0.0035,0.9011665666491587
BNBUSDT,high_volume,12,166,0.5663,0.444,0.1223,0.0013,0.0025,0.8923332228239049
DOGEUSDT,price_below_ema50,12,582,0.5052,0.432,0.0732,0.0035,0.0003,0.8921459643237686
SOLUSDT,trend_down,24,393,0.542,0.459,0.083,0.0074,0.0055,0.8918127028855332
AAVEUSDT,trend_down,24,454,0.5022,0.419,0.0832,0.0052,0.0026,0.8902827550645279
LTCUSDT,trend_down_oversold,4,110,0.6182,0.481,0.1372,0.0019,0.0027,0.8895686202760166
DOGEUSDT,strong_mom_down,12,75,0.6,0.432,0.168,0.0069,0.0038,0.8729536070147143
ZECUSDT,bb_expansion,24,214,0.5467,0.438,0.1087,0.005,0.0065,0.8693316765407305
SOLUSDT,price_below_ema50,24,518,0.5309,0.459,0.0719,0.0063,0.0049,0.8687733606412458
LDOUSDT,high_volatility,4,43,0.6744,0.478,0.1964,0.0088,0.0075,0.8685468966110124
ARPAUSDT,trend_down,12,354,0.5791,0.5,0.0791,0.0048,0.0042,0.8618499870633749
AAVEUSDT,trend_down,12,454,0.5308,0.455,0.0758,0.003,0.002,0.8572905692891055
UNIUSDT,ranging_bb_upper,24,43,0.6512,0.453,0.1982,0.0249,0.0127,0.8463544262644467
ARPAUSDT,squeeze_breakout_up,24,35,0.7143,0.515,0.1993,0.0088,0.0092,0.8422130587612636
PEPEUSDT,momentum_continuation_up,4,41,0.6341,0.427,0.2071,0.0097,0.0081,0.8408717854518226
FLOWUSDT,rsi_above_65,12,94,0.5638,0.41,0.1538,0.0382,0.0088,0.840708297550844
ETHUSDT,rsi_below_30,4,69,0.6522,0.499,0.1532,0.0028,0.0019,0.8299732687761397
UNIUSDT,high_volatility,4,60,0.6333,0.466,0.1673,0.0034,0.0043,0.8206936141650464
NEARUSDT,momentum_continuation_up,24,54,0.6111,0.43,0.1811,0.0201,0.0136,0.8132566326799809
VETUSDT,trend_down_oversold,24,141,0.539,0.412,0.127,0.0052,0.0019,0.8128343388840066
XRPUSDT,price_below_ema50,24,602,0.4867,0.419,0.0677,0.0031,0.0005,0.8084408696145909
ATOMUSDT,rsi_below_30,4,73,0.6164,0.463,0.1534,0.0031,0.0025,0.8078847675813454
XRPUSDT,bb_near_lower,4,231,0.5628,0.469,0.0938,0.0016,0.0011,0.8023482636248536
AAVEUSDT,squeeze_breakout_down,12,40,0.65,0.455,0.195,0.0065,0.0128,0.8016373868526844
ARPAUSDT,bb_near_lower,24,201,0.607,0.515,0.092,0.0071,0.0092,0.791725343497352
SOLUSDT,bb_upper_high_volume,12,56,0.6071,0.433,0.1741,0.001,0.0052,0.7909572614695421
PEPEUSDT,trend_down,12,525,0.4686,0.395,0.0736,0.0018,0.0,0.7902413492015208
FLOWUSDT,bb_expansion,12,237,0.5105,0.41,0.1005,0.0213,0.0038,0.7898342842535467
ARPAUSDT,price_below_ema21,24,478,0.5774,0.515,0.0624,0.0043,0.007,0.7877262490893222
XRPUSDT,momentum_12h_neg,4,169,0.574,0.469,0.105,0.0018,0.0018,0.7835099999999999
BNBUSDT,trend_down,24,427,0.5129,0.439,0.0739,0.002,0.0018,0.7832331760875906
VETUSDT,trend_down,12,463,0.4968,0.424,0.0728,0.0032,-0.0004,0.7782219247961476
DOGEUSDT,bb_near_lower,4,203,0.5665,0.471,0.0955,0.0011,0.0013,0.7708170363738645
BNBUSDT,rsi_below_30,12,74,0.5946,0.444,0.1506,0.0035,0.0014,0.770310356129802
LTCUSDT,rsi_30_50,24,450,0.5267,0.458,0.0687,0.0009,0.0029,0.7675847049426173
BTCUSDT,rsi_30_50,24,418,0.5359,0.466,0.0699,0.0012,0.0033,0.7658594467492753
FLOWUSDT,bb_expansion,1,237,0.5485,0.458,0.0905,0.003,0.0016,0.7641865402591911
PEPEUSDT,rsi_below_30,4,57,0.5965,0.427,0.1695,0.0052,0.0061,0.7633392227883109
ARPAUSDT,rsi_30_50,24,414,0.5797,0.515,0.0647,0.0024,0.0061,0.7631462097653589
BNBUSDT,rsi_30_50,24,464,0.5086,0.439,0.0696,0.0011,0.0019,0.7625083181409567
INJUSDT,rsi_below_40,24,295,0.522,0.437,0.085,0.0044,0.0049,0.762079776335785
XRPUSDT,momentum_12h_neg,12,169,0.5325,0.423,0.1095,0.0031,0.0014,0.7580137499999999
ZECUSDT,rsi_below_30,4,80,0.575,0.428,0.147,0.0021,0.0042,0.7560145831926789
AVAXUSDT,ranging_bb_upper,4,54,0.6111,0.443,0.1681,0.0058,0.0034,0.7548781885892036
ARPAUSDT,squeeze_breakout_up,12,35,0.6857,0.5,0.1857,0.0035,0.0044,0.7533210019803002
FLOWUSDT,rsi_above_60,4,136,0.5662,0.453,0.1132,0.0113,0.0053,0.7474561955918231
DOGEUSDT,momentum_continuation_up,1,46,0.6522,0.484,0.1682,0.0018,0.0034,0.7440218704420412
WIFUSDT,bb_squeeze,24,299,0.5084,0.424,0.0844,0.0023,0.0086,0.7419652792659495
DOGEUSDT,oversold_high_volume,12,44,0.6136,0.432,0.1816,0.0063,0.0015,0.739141408798705
VETUSDT,rsi_below_30,4,59,0.6271,0.476,0.1511,0.0013,0.0034,0.7278255059215979
ATOMUSDT,bb_mid,12,172,0.5291,0.425,0.1041,0.0008,0.0016,0.7223583785719447
SUIUSDT,rsi_30_50,24,481,0.499,0.433,0.066,0.0024,0.0019,0.7222990095770588
FLOWUSDT,rsi_above_65,1,94,0.5851,0.458,0.1271,0.0063,0.0027,0.7210071565787856
AAVEUSDT,very_high_volume,24,94,0.5532,0.419,0.1342,0.0009,0.0052,0.7197780758277363
INJUSDT,trend_down,12,463,0.4946,0.427,0.0676,0.0017,0.0,0.7194345715513959
BTCUSDT,price_below_ema50,24,507,0.5266,0.466,0.0606,0.0028,0.0031,0.7185507691583741
BTCUSDT,momentum_12h_neg,4,134,0.5896,0.485,0.1046,0.002,0.0017,0.7139068656027833
ARPAUSDT,price_below_ema50,12,484,0.5579,0.5,0.0579,0.0035,0.004,0.71065302
AVAXUSDT,trend_down,24,400,0.53,0.463,0.067,0.009,0.0022,0.7102000000000002
AAVEUSDT,strong_mom_down,4,119,0.5714,0.458,0.1134,0.0025,0.002,0.7068492008011429
CRVUSDT,trend_down,24,495,0.503,0.44,0.063,0.0017,0.0013,0.7050357415727233
UNIUSDT,ranging_bb_upper,12,43,0.6279,0.457,0.1709,0.0123,0.0085,0.7036663344840367
SUIUSDT,rsi_below_30,12,76,0.5921,0.456,0.1361,0.0087,0.0038,0.7025220863488518
BNBUSDT,big_candle,12,250,0.528,0.444,0.084,0.0015,0.0011,0.7012666939189399
SUIUSDT,trend_down,24,438,0.5,0.433,0.067,0.0047,0.0013,0.7011030594712877
PEPEUSDT,bb_upper_high_volume,4,64,0.5781,0.427,0.1511,0.0081,0.0075,0.69880728
ARPAUSDT,squeeze_breakout_down,12,44,0.6591,0.5,0.1591,0.0077,0.0074,0.6955811904646563
VETUSDT,rsi_30_50,24,519,0.4759,0.412,0.0639,0.0011,-0.0016,0.6927878171242995
OPUSDT,rsi_below_40,24,235,0.5319,0.447,0.0849,0.0054,0.0034,0.6922637835992749
OPUSDT,ranging_bb_lower,24,42,0.619,0.447,0.172,0.0042,0.0151,0.689991500678088
XRPUSDT,high_volume,12,174,0.523,0.423,0.1,0.0016,0.0014,0.6898843816176737
SOLUSDT,very_high_volume,12,81,0.5679,0.433,0.1349,0.0031,0.0037,0.6894873899999999
LTCUSDT,trend_down_oversold,24,110,0.5727,0.458,0.1147,0.0057,0.0043,0.6889487929670616
DOGEUSDT,rsi_below_30,12,58,0.5862,0.432,0.1542,0.0048,0.0028,0.6884052672161747
ARPAUSDT,price_below_ema21,12,478,0.5565,0.5,0.0565,0.0026,0.004,0.6874285494943275
BNBUSDT,momentum_12h_neg,12,97,0.567,0.444,0.123,0.0037,0.0013,0.686869191955062
SOLUSDT,ranging_bb_upper,12,58,0.5862,0.433,0.1532,0.0109,0.0054,0.6839409010215173
FLOWUSDT,bb_expansion,4,237,0.5359,0.453,0.0829,0.008,0.0014,0.6839312700750769
VETUSDT,rsi_below_35,24,146,0.5205,0.412,0.1085,0.0044,0.0015,0.6823809590742733
OPUSDT,strong_mom_down,12,105,0.5619,0.444,0.1179,0.0113,0.0044,0.6788400968127991
ETHUSDT,rsi_30_50,24,441,0.5442,0.485,0.0592,0.0064,0.0049,0.6765494400000001
INJUSDT,squeeze_breakout_down,12,36,0.6111,0.427,0.1841,0.0048,0.0059,0.6750210600000001
INJUSDT,squeeze_breakout_up,12,36,0.6111,0.427,0.1841,0.0088,0.0075,0.6750210600000001
VETUSDT,rsi_below_30,12,59,0.5763,0.424,0.1523,0.0072,0.001,0.6741779260518442
WIFUSDT,squeeze_breakout_down,12,72,0.5694,0.431,0.1384,0.0037,0.0059,0.6686822592856155
WIFUSDT,very_high_volume,1,83,0.506,0.361,0.145,0.0014,0.0046,0.6684325117018172
AAVEUSDT,trend_down_oversold,12,152,0.5526,0.455,0.0976,0.0056,0.0031,0.6649400507535361
CRVUSDT,very_high_volume,24,77,0.5714,0.44,0.1314,0.0066,0.0047,0.6588415251355999
LTCUSDT,rsi_below_35,4,118,0.5847,0.481,0.1037,0.0013,0.002,0.6586472060073342
SUIUSDT,momentum_12h_neg,24,249,0.5141,0.433,0.0811,0.0029,0.0019,0.6579124905744722
XRPUSDT,rsi_below_40,4,232,0.5474,0.469,0.0784,0.0007,0.0008,0.6536794742699048
WIFUSDT,ranging_bb_lower,4,34,0.5882,0.399,0.1892,0.0028,0.0053,0.6489117091404827
SUIUSDT,ranging_bb_upper,4,54,0.6111,0.467,0.1441,0.0055,0.0042,0.6471025994985381
SUIUSDT,squeeze_breakout_up,24,53,0.5849,0.433,0.1519,0.0072,0.0069,0.6468109000570826
DOGEUSDT,bb_lower_high_volume,12,55,0.5818,0.432,0.1498,0.0039,0.0011,0.6463486931128799
ETHUSDT,ranging_bb_upper,12,43,0.6279,0.471,0.1569,0.0127,0.0087,0.6460225153923076
ADAUSDT,trend_down,24,502,0.4641,0.402,0.0621,0.0034,-0.0021,0.6457360416668673
DOGEUSDT,very_high_volume,1,105,0.5905,0.484,0.1065,0.0015,0.0016,0.6444128015073587
FLOWUSDT,rsi_above_70,12,59,0.5593,0.41,0.1493,0.0472,0.0105,0.6414024771456889
OPUSDT,small_candle,12,245,0.5224,0.444,0.0784,0.0013,0.0035,0.6410653050015046
BNBUSDT,trend_mixed,4,207,0.57,0.492,0.078,0.0016,0.0012,0.6396680085794505
AAVEUSDT,price_below_ema50,24,568,0.4754,0.419,0.0564,0.0043,-0.0002,0.6390170547740057
INJUSDT,squeeze_breakout_down,24,36,0.6111,0.437,0.1741,0.01,0.0269,0.63835506
INJUSDT,squeeze_breakout_up,24,36,0.6111,0.437,0.1741,0.0044,0.0091,0.63835506
BTCUSDT,big_candle,12,242,0.5413,0.466,0.0753,0.0036,0.002,0.6340750816271905
ARPAUSDT,bb_near_lower,12,201,0.5771,0.5,0.0771,0.0067,0.0042,0.630817134176671
SOLUSDT,trend_mixed,4,228,0.557,0.482,0.075,0.0023,0.0019,0.6307886670668712
AAVEUSDT,trend_down,4,454,0.5154,0.458,0.0574,0.0009,0.0004,0.6303535935757377
VETUSDT,bb_near_lower,24,243,0.4938,0.412,0.0818,0.0024,-0.0011,0.6296620602780041
SOLUSDT,big_candle,12,238,0.5126,0.433,0.0796,0.0036,0.0008,0.6294774083740104
OPUSDT,ranging_bb_upper,4,51,0.6078,0.465,0.1428,0.0066,0.004,0.6198319963983997
CRVUSDT,momentum_12h_neg,24,275,0.5127,0.44,0.0727,0.003,0.0011,0.6181075881605302
OPUSDT,ranging_bb_lower,4,42,0.619,0.465,0.154,0.0025,0.0035,0.6177830878164278
CRVUSDT,strong_mom_down,4,113,0.5664,0.464,0.1024,0.001,0.0032,0.6165416538452896
VETUSDT,bb_squeeze,12,260,0.5,0.424,0.076,0.0019,0.0001,0.6127315888706897
PEPEUSDT,rsi_below_30,12,57,0.5439,0.395,0.1489,0.0084,0.0031,0.6114362519572861
DOGEUSDT,rsi_below_30,4,58,0.6034,0.471,0.1324,0.0022,0.0027,0.6084253319511647
DOGEUSDT,price_below_ema21,24,589,0.4754,0.423,0.0524,0.0031,-0.0012,0.6045721145269789
CRVUSDT,squeeze_breakout_up,24,59,0.5763,0.44,0.1363,0.0082,0.0113,0.6033516173398974
BTCUSDT,trend_down,24,369,0.5257,0.466,0.0597,0.003,0.0033,0.6028725239208641
XRPUSDT,bb_lower_high_volume,24,67,0.5522,0.419,0.1332,0.0034,0.0013,0.6020575798436453
PEPEUSDT,very_high_volume,1,75,0.5333,0.403,0.1303,0.0016,0.0028,0.6017923062332283
INJUSDT,squeeze_breakout_down,4,36,0.6111,0.447,0.1641,0.0026,0.0013,0.60168906
XRPUSDT,trend_down_oversold,4,124,0.5645,0.469,0.0955,0.0016,0.0008,0.6003135697181515
PEPEUSDT,bb_squeeze,12,278,0.4712,0.395,0.0762,0.0037,0.0,0.59866332174522
FLOWUSDT,trend_mixed,12,200,0.495,0.41,0.085,0.0161,0.0,0.5950303563684798
XRPUSDT,rsi_below_35,4,128,0.5625,0.469,0.0935,0.0014,0.0008,0.5950303563684798
FLOWUSDT,bb_upper_high_volume,12,54,0.5556,0.41,0.1456,0.0251,0.0098,0.5944570636762577
INJUSDT,rsi_below_35,24,172,0.5233,0.437,0.0863,0.0078,0.0042,0.5922782082678251
SUIUSDT,price_below_ema21,24,570,0.4842,0.433,0.0512,0.0019,-0.0005,0.5918779676930981
SOLUSDT,high_volume,12,165,0.5212,0.433,0.0882,0.003,0.0004,0.5904932864040234
NEARUSDT,trend_down_oversold,1,93,0.5699,0.463,0.1069,0.0019,0.0009,0.5875134811929487
DOGEUSDT,bb_near_lower,12,203,0.5123,0.432,0.0803,0.0036,0.0005,0.5861218613247831
DOGEUSDT,high_volume,1,176,0.5625,0.484,0.0785,0.0006,0.0009,0.5857988535965225
ARPAUSDT,strong_mom_down,24,43,0.6512,0.515,0.1362,0.0129,0.018,0.581601780308868
XRPUSDT,bb_expansion,4,279,0.5341,0.469,0.0651,0.0014,0.0011,0.5807719973904217
ADAUSDT,strong_mom_down,4,77,0.5584,0.44,0.1184,0.0006,0.0011,0.5801529094880998
PEPEUSDT,rsi_below_30,1,57,0.5439,0.403,0.1409,0.0025,0.0029,0.578585412362536
ARPAUSDT,very_high_volume,12,97,0.5979,0.5,0.0979,0.006,0.0044,0.5764970806020319
ATOMUSDT,rsi_below_30,12,73,0.5479,0.425,0.1229,0.0022,0.0024,0.5753268112381096
AVAXUSDT,high_volatility,12,66,0.5758,0.453,0.1228,0.001,0.0026,0.5744364572842167
INJUSDT,oversold_high_volume,4,42,0.5952,0.447,0.1482,0.0011,0.0017,0.5716573231992075
LDOUSDT,squeeze_breakout_up,24,48,0.625,0.493,0.132,0.0092,0.0075,0.5715767664977295
VETUSDT,squeeze_breakout_down,12,32,0.5938,0.424,0.1698,0.0107,0.0074,0.5703650010585881
ETHUSDT,trend_down_oversold,4,152,0.5789,0.499,0.0799,0.0009,0.0008,0.5702589667577347
PEPEUSDT,bb_near_lower,12,223,0.4753,0.395,0.0803,0.0014,0.0,0.5699487310862849
INJUSDT,rsi_below_35,4,172,0.5291,0.447,0.0821,0.0019,0.001,0.5696985867507846
NEARUSDT,rsi_50_70,24,382,0.4895,0.43,0.0595,0.0069,0.0,0.5692477770258527
INJUSDT,trend_down_oversold,4,162,0.5309,0.447,0.0839,0.0014,0.001,0.566933595697253
ATOMUSDT,rsi_below_30,24,73,0.5342,0.41,0.1242,0.0022,0.0034,0.5668744846529793
DOGEUSDT,rsi_below_40,4,261,0.5364,0.471,0.0654,0.001,0.0008,0.5667437913797111
PEPEUSDT,very_high_volume,4,75,0.5467,0.427,0.1197,0.004,0.003,0.5667269376339963
BTCUSDT,bb_near_lower,12,210,0.5381,0.466,0.0721,0.0021,0.0012,0.5622220885356791
OPUSDT,momentum_12h_neg,24,248,0.5161,0.447,0.0691,0.0019,0.0013,0.5616137690940499
NEARUSDT,trend_down_oversold,4,93,0.5591,0.455,0.1041,0.0038,0.0017,0.5612827511230479
OPUSDT,strong_mom_down,4,105,0.5619,0.465,0.0969,0.0041,0.0028,0.5579271024695525
SOLUSDT,high_volatility,4,58,0.6034,0.482,0.1214,0.0032,0.0016,0.5578763995383035
AVAXUSDT,rsi_30_50,24,427,0.5152,0.463,0.0522,0.0046,0.0021,0.5557254611040844
UNIUSDT,rsi_30_50,24,433,0.5058,0.453,0.0528,0.0031,0.0028,0.5557208556352559
ARPAUSDT,bb_lower_high_volume,24,35,0.6571,0.515,0.1421,0.0102,0.0154,0.5524075012199631
XRPUSDT,big_candle,12,247,0.4939,0.423,0.0709,0.0024,-0.0004,0.5503433688436927
NEARUSDT,momentum_continuation_up,12,54,0.5556,0.421,0.1346,0.0167,0.0129,0.5495461591402767
BTCUSDT,momentum_4h_neg,12,138,0.5507,0.466,0.0847,0.0033,0.0011,0.5479463394944487
VETUSDT,strong_mom_down,24,31,0.5806,0.412,0.1686,0.0146,0.0142,0.545023776555366
DOGEUSDT,bb_upper_high_volume,1,80,0.5875,0.484,0.1035,0.0019,0.0026,0.5438676338273863
WIFUSDT,squeeze_breakout_down,24,72,0.5417,0.424,0.1177,0.0059,0.0168,0.5410053335340264
AAVEUSDT,squeeze_breakout_down,4,40,0.6,0.458,0.142,0.0016,0.0032,0.5388521132926918
INJUSDT,trend_down_oversold,24,162,0.5185,0.437,0.0815,0.0074,0.0037,0.5378533484883449
XRPUSDT,trend_down_oversold,12,124,0.5161,0.423,0.0931,0.0034,0.0018,0.5350500175416542
UNIUSDT,big_candle,12,241,0.5228,0.457,0.0658,0.0041,0.0018,0.534035335353272
SUIUSDT,trend_down_oversold,12,145,0.5379,0.456,0.0819,0.0035,0.0016,0.5304805279900616
AAVEUSDT,bb_near_lower,24,235,0.4894,0.419,0.0704,0.0041,-0.0014,0.5281661394507755
DOGEUSDT,bb_near_lower,24,203,0.4975,0.423,0.0745,0.0026,0.0,0.5280771510912846
SOLUSDT,momentum_4h_pos,12,193,0.5078,0.433,0.0748,0.0037,0.0005,0.5276828127266273
WIFUSDT,trend_down,24,465,0.4753,0.424,0.0513,0.0014,0.0,0.5257891935079366
NEARUSDT,rsi_below_35,4,100,0.55,0.455,0.095,0.0035,0.0017,0.5225
LDOUSDT,bb_upper_high_volume,1,56,0.5893,0.472,0.1173,0.002,0.0009,0.5172833105568724
SOLUSDT,momentum_12h_pos,12,183,0.5082,0.433,0.0752,0.0029,0.0001,0.5169851234211646
CRVUSDT,bb_lower_high_volume,24,55,0.5636,0.44,0.1236,0.0035,0.0036,0.5166195061616315
CRVUSDT,strong_mom_down,24,113,0.531,0.44,0.091,0.0072,0.0064,0.513659275817151
VETUSDT,small_candle,4,238,0.5378,0.476,0.0618,0.0011,0.0012,0.5127406522422625
ADAUSDT,bb_near_upper,4,183,0.5137,0.44,0.0737,0.003,0.0004,0.5121563933233543
SUIUSDT,rsi_below_40,24,266,0.4962,0.433,0.0632,0.0029,-0.0005,0.511463512133182
LTCUSDT,momentum_4h_neg,4,134,0.5597,0.481,0.0787,0.0011,0.002,0.509896978470496
NEARUSDT,trend_up,24,378,0.4841,0.43,0.0541,0.0045,-0.0004,0.5091881026517074
BTCUSDT,high_volume,12,165,0.5394,0.466,0.0734,0.0029,0.0017,0.5085679344452068
DOGEUSDT,strong_mom_down,4,75,0.5733,0.471,0.1023,0.0015,0.0026,0.50791168836138
ADAUSDT,high_volume,24,159,0.4843,0.402,0.0823,0.0019,0.0,0.5025888695992818
LTCUSDT,rsi_below_40,24,222,0.5225,0.458,0.0645,0.0032,0.0021,0.5021373157283523
WIFUSDT,squeeze_breakout_down,4,72,0.5139,0.399,0.1149,0.0006,0.005,0.5010313426856161
XRPUSDT,rsi_below_30,12,63,0.5397,0.423,0.1167,0.0061,0.0018,0.49991198510180396
BTCUSDT,bb_lower_high_volume,12,72,0.5694,0.466,0.1034,0.0046,0.0028,0.4995790867784151
ADAUSDT,momentum_12h_pos,1,177,0.5254,0.454,0.0714,0.0008,0.0004,0.4990854551533507
UNIUSDT,big_candle,4,241,0.527,0.466,0.061,0.0008,0.0011,0.49905564396067104
SOLUSDT,bb_expansion,12,254,0.4961,0.433,0.0631,0.0011,-0.0001,0.49890222934677037
OPUSDT,bb_lower_high_volume,24,49,0.5714,0.447,0.1244,0.0079,0.0044,0.49757512
DOGEUSDT,rsi_below_40,12,261,0.4943,0.432,0.0623,0.0033,-0.0002,0.49750667360273476
LTCUSDT,rsi_below_35,24,118,0.5424,0.458,0.0844,0.005,0.0037,0.49728244848323855
SOLUSDT,bb_near_upper,12,201,0.5025,0.433,0.0695,0.0039,0.0004,0.4951296104320186
SUIUSDT,bb_lower_high_volume,12,56,0.5714,0.456,0.1154,0.0104,0.002,0.493446483509247
LTCUSDT,momentum_4h_neg,24,134,0.5373,0.458,0.0793,0.003,0.003,0.49322198541202655
ADAUSDT,oversold_high_volume,4,40,0.575,0.44,0.135,0.0007,0.0014,0.4909436067411409
FLOWUSDT,very_high_volume,12,90,0.5111,0.41,0.1011,0.0146,0.0018,0.49020562600358736
XRPUSDT,rsi_below_35,12,128,0.5078,0.423,0.0848,0.0033,0.0016,0.48718457970652235
LDOUSDT,momentum_4h_pos,24,219,0.5525,0.493,0.0595,0.0023,0.0043,0.48648707398520613
ATOMUSDT,rsi_below_30,1,73,0.5616,0.461,0.1006,0.0013,0.0012,0.4827102378390547
NEARUSDT,bb_upper_high_volume,24,79,0.5316,0.43,0.1016,0.0145,0.006,0.4800563578680886
PEPEUSDT,bb_near_upper,1,171,0.4795,0.403,0.0765,0.0014,0.0,0.4796761239666693
ZECUSDT,bb_upper_high_volume,12,77,0.5325,0.43,0.1025,0.0035,0.0044,0.47894852496934626
SUIUSDT,bb_near_lower,24,219,0.4977,0.433,0.0647,0.0013,-0.0003,0.4765340948915679
ARPAUSDT,rsi_below_30,24,36,0.6389,0.515,0.1239,0.0092,0.0103,0.47495826
NEARUSDT,rsi_below_40,4,237,0.5148,0.455,0.0598,0.0017,0.0008,0.47392966673228976
ETHUSDT,momentum_continuation_up,12,33,0.6061,0.471,0.1351,0.0092,0.0099,0.47038839965101104
DOGEUSDT,oversold_high_volume,4,44,0.5909,0.471,0.1199,0.0016,0.0028,0.46995850255131716
DOGEUSDT,trend_down_oversold,4,128,0.5469,0.471,0.0759,0.0007,0.0012,0.46962875881739274
NEARUSDT,momentum_continuation_up,1,54,0.5741,0.463,0.1111,0.0036,0.0019,0.4687038120418966
CRVUSDT,ranging_bb_upper,24,60,0.55,0.44,0.11,0.0178,0.028,0.4686309848910975
SUIUSDT,momentum_4h_neg,24,228,0.4956,0.433,0.0626,0.0026,-0.0005,0.46846058285424697
SOLUSDT,trend_mixed,12,228,0.4956,0.433,0.0626,0.0021,0.0008,0.46846058285424697
PEPEUSDT,oversold_high_volume,12,31,0.5484,0.395,0.1534,0.0041,0.0059,0.468385727206756
BTCUSDT,high_volatility,4,78,0.5769,0.485,0.0919,0.0009,0.0014,0.4682344373437987
AVAXUSDT,ranging_bb_upper,1,54,0.5556,0.441,0.1146,0.0012,0.0011,0.4678899690748567
PEPEUSDT,high_volume,1,165,0.4788,0.403,0.0758,0.0007,0.0,0.46619253978679676
AVAXUSDT,strong_mom_down,1,82,0.5366,0.441,0.0956,0.0012,0.0011,0.4645318399859058
SOLUSDT,bb_near_upper,4,201,0.5423,0.482,0.0603,0.0022,0.0013,0.4636122953737272
AAVEUSDT,very_high_volume,12,94,0.5426,0.455,0.0876,0.0048,0.0041,0.4608375110790944
SUIUSDT,bb_squeeze,24,293,0.4881,0.433,0.0551,0.0008,0.0008,0.46035643336462384
VETUSDT,rsi_below_35,12,146,0.5,0.424,0.076,0.0019,-0.001,0.4591557469965937
SUIUSDT,rsi_below_35,12,154,0.526,0.456,0.07,0.003,0.0012,0.45692418364538345
FLOWUSDT,rsi_above_70,4,59,0.5593,0.453,0.1063,0.0128,0.005,0.45667169002402364
AAVEUSDT,squeeze_breakout_up,24,38,0.5526,0.419,0.1336,0.0039,0.0117,0.4551024117862317
AVAXUSDT,big_candle,12,241,0.5104,0.453,0.0574,0.0051,0.0011,0.454811125109342
VETUSDT,big_candle,12,255,0.4824,0.424,0.0584,0.0028,-0.0004,0.4498733185706038
PEPEUSDT,bb_lower_high_volume,12,46,0.5217,0.395,0.1267,0.0048,0.0044,0.4483078746632906
LDOUSDT,rsi_below_30,4,87,0.5632,0.478,0.0852,0.0024,0.0016,0.44757092600600773
AAVEUSDT,rsi_below_35,12,167,0.521,0.455,0.066,0.0041,0.0015,0.4443650507544445
INJUSDT,bb_lower_high_volume,4,54,0.5556,0.447,0.1086,0.0006,0.0017,0.44339311205523074
XRPUSDT,oversold_high_volume,12,44,0.5455,0.423,0.1225,0.0073,0.0022,0.4432586116690233
SUIUSDT,momentum_4h_neg,12,228,0.5132,0.456,0.0572,0.0014,0.0008,0.4432513836815005
AAVEUSDT,trend_down_oversold,4,152,0.5263,0.458,0.0683,0.0018,0.0007,0.4431756268615673
PEPEUSDT,trend_down_oversold,4,131,0.5038,0.427,0.0768,0.0013,0.0024,0.44284835013660556
SUIUSDT,ranging_bb_upper,1,54,0.5926,0.491,0.1016,0.0012,0.0011,0.4424378110555453
FLOWUSDT,rsi_above_60,1,136,0.5294,0.458,0.0714,0.0037,0.0014,0.4408101672511214
CRVUSDT,oversold_high_volume,24,37,0.5676,0.44,0.1276,0.0027,0.0047,0.4405486991563715
LTCUSDT,rsi_below_40,4,222,0.536,0.481,0.055,0.0006,0.0011,0.43924210727114954
FLOWUSDT,momentum_continuation_up,12,41,0.5366,0.41,0.1266,0.0271,0.0124,0.4349870245710986
LDOUSDT,squeeze_breakout_up,12,48,0.5833,0.477,0.1063,0.005,0.0075,0.4295817863705546
AAVEUSDT,bb_lower_high_volume,24,59,0.5254,0.419,0.1064,0.0088,0.0034,0.4293957110389697
PEPEUSDT,rsi_below_35,4,138,0.5,0.427,0.073,0.0011,0.0012,0.4287779145431816
INJUSDT,oversold_high_volume,12,42,0.5476,0.427,0.1206,0.0095,0.0005,0.4279917449376462
VETUSDT,trend_down_oversold,12,141,0.4965,0.424,0.0725,0.0016,-0.0022,0.4274317863505386
VETUSDT,oversold_high_volume,1,47,0.5745,0.466,0.1085,0.0008,0.0008,0.4273352321204484
ETHUSDT,momentum_12h_pos,12,169,0.5325,0.471,0.0615,0.0047,0.0018,0.42573374999999997
SUIUSDT,high_volatility,4,32,0.5938,0.467,0.1267,0.0021,0.003,0.42559037475926453
LDOUSDT,momentum_continuation_up,1,41,0.5854,0.472,0.1134,0.0011,0.001,0.4250673045024677
SOLUSDT,momentum_12h_neg,4,195,0.5385,0.482,0.0565,0.0007,0.001,0.424865494391681
LDOUSDT,bb_upper_high_volume,24,56,0.5893,0.493,0.0963,0.0024,0.0045,0.4246750452397852
ETHUSDT,momentum_4h_neg,12,177,0.5311,0.471,0.0601,0.0031,0.0012,0.42465613880527114
SUIUSDT,oversold_high_volume,12,44,0.5682,0.456,0.1122,0.0128,0.0014,0.4228831925994581
NEARUSDT,momentum_4h_neg,4,242,0.5083,0.455,0.0533,0.0024,0.001,0.42145867912611334
LDOUSDT,bb_mid,4,173,0.5376,0.478,0.0596,0.0014,0.0007,0.42143303070100807
SOLUSDT,high_volatility,1,58,0.569,0.472,0.097,0.0015,0.001,0.42033736503194663
BNBUSDT,momentum_12h_neg,4,97,0.567,0.492,0.075,0.0019,0.0023,0.4188226780213793
CRVUSDT,squeeze_breakout_down,1,49,0.5714,0.467,0.1044,0.0008,0.0008,0.41757912
WIFUSDT,ranging_bb_lower,12,34,0.5588,0.431,0.1278,0.0016,0.0053,0.41641533042769496
SOLUSDT,squeeze_breakout_up,24,42,0.5714,0.459,0.1124,0.0091,0.0039,0.4162279044218963
NEARUSDT,rsi_below_35,1,100,0.54,0.463,0.077,0.0013,0.0009,0.4158
PEPEUSDT,rsi_above_70,1,44,0.5227,0.403,0.1197,0.0009,0.0023,0.415023786833753
BTCUSDT,bb_near_lower,4,210,0.5381,0.485,0.0531,0.0011,0.0009,0.41406370182031293
UNIUSDT,squeeze_breakout_up,24,31,0.5806,0.453,0.1276,0.0206,0.0153,0.4124853730039425
XRPUSDT,momentum_4h_neg,12,155,0.4903,0.423,0.0673,0.0018,-0.0009,0.4108117025157578
NEARUSDT,momentum_continuation_up,4,54,0.5556,0.455,0.1006,0.0068,0.0023,0.4107306360290627
BTCUSDT,ranging_bb_lower,4,57,0.5789,0.485,0.0939,0.0026,0.0023,0.4103992606148964
LTCUSDT,rsi_below_30,4,63,0.5714,0.481,0.0904,0.0022,0.0019,0.4099953595273937
OPUSDT,bb_near_lower,4,222,0.518,0.465,0.053,0.0009,0.0009,0.4090553871445773
ADAUSDT,oversold_high_volume,24,40,0.525,0.402,0.123,0.0055,0.0009,0.4084081598107462
SUIUSDT,squeeze_breakout_down,24,46,0.5435,0.433,0.1105,0.003,0.0107,0.4073246962140584
BTCUSDT,ranging_bb_lower,12,57,0.5614,0.466,0.0954,0.001,0.0019,0.4043507107570793
ETHUSDT,high_volatility,4,65,0.5846,0.499,0.0856,0.0017,0.002,0.40344956729849635
PEPEUSDT,rsi_above_60,1,157,0.4713,0.403,0.0683,0.0008,0.0,0.4033369126404422
LTCUSDT,big_candle,12,246,0.5122,0.462,0.0502,0.0028,0.0006,0.4032838633089422
SOLUSDT,trend_down_oversold,4,157,0.5414,0.482,0.0594,0.0007,0.0009,0.4029531198404837
PEPEUSDT,high_volume,4,165,0.4909,0.427,0.0639,0.002,0.0,0.4029358065961829
ZECUSDT,momentum_4h_pos,24,264,0.4886,0.438,0.0506,0.0055,-0.0008,0.4017038026479192
INJUSDT,strong_mom_down,24,99,0.5152,0.437,0.0782,0.0035,0.0064,0.4008669065811125
BNBUSDT,high_volatility,4,64,0.5781,0.492,0.0861,0.0014,0.0018,0.39819527999999993
ARPAUSDT,trend_down_oversold,12,89,0.573,0.5,0.073,0.0073,0.004,0.39461399677279557
LTCUSDT,rsi_below_40,12,222,0.5135,0.462,0.0515,0.0011,0.0004,0.3940253506551005
UNIUSDT,momentum_4h_pos,12,183,0.5137,0.457,0.0567,0.0069,0.0018,0.3940199118240731
VETUSDT,oversold_high_volume,12,47,0.5319,0.424,0.1079,0.0074,0.0012,0.39345979738276277
ZECUSDT,strong_mom_up,12,171,0.4912,0.43,0.0612,0.0032,-0.0014,0.39310433717193405
SOLUSDT,bb_upper_high_volume,24,56,0.5536,0.459,0.0946,0.0034,0.0022,0.39190538534697583
SUIUSDT,very_high_volume,12,86,0.5349,0.456,0.0789,0.0047,0.0016,0.39138017827268745
DOGEUSDT,high_volatility,1,39,0.5897,0.484,0.1057,0.0009,0.0016,0.3892587812875901
SUIUSDT,strong_mom_down,1,83,0.5663,0.491,0.0753,0.0007,0.0006,0.3884906617509671
VETUSDT,oversold_high_volume,4,47,0.5745,0.476,0.0985,0.0016,0.0034,0.3879494964411444
ETHUSDT,rsi_above_70,4,82,0.5732,0.499,0.0742,0.0028,0.0021,0.3851385696795833
OPUSDT,ranging_bb_lower,1,42,0.5714,0.469,0.1024,0.0006,0.0012,0.37919695207119375
ARPAUSDT,rsi_below_30,4,36,0.5833,0.475,0.1083,0.0043,0.0026,0.37902834
WIFUSDT,momentum_4h_neg,1,297,0.4141,0.361,0.0531,0.0009,0.0,0.37894656633467166
CRVUSDT,bb_near_upper,12,184,0.4891,0.432,0.0571,0.0034,0.0015,0.3788285333200581
FLOWUSDT,rsi_above_60,12,136,0.4779,0.41,0.0679,0.0228,-0.0008,0.3784218974522241
OPUSDT,rsi_below_35,24,131,0.5115,0.447,0.0645,0.0044,0.0009,0.37760783812864307
PEPEUSDT,trend_down_oversold,12,131,0.4656,0.395,0.0706,0.0011,0.0,0.37622991159754643
ADAUSDT,trend_mixed,4,192,0.4948,0.44,0.0548,0.001,0.0,0.3757170154340993
VETUSDT,rsi_below_35,4,146,0.5342,0.476,0.0582,0.0009,0.0015,0.37566721585928364
VETUSDT,bb_mid,24,149,0.4765,0.412,0.0645,0.0023,-0.0004,0.3751593319328635
PEPEUSDT,rsi_below_35,12,138,0.4638,0.395,0.0688,0.0009,0.0,0.37485104486139126
SOLUSDT,momentum_12h_pos,1,183,0.5246,0.472,0.0526,0.0011,0.0007,0.3732841719282145
AAVEUSDT,rsi_below_35,24,167,0.479,0.419,0.06,0.004,-0.0022,0.37140265104061926
BTCUSDT,ranging_bb_lower,1,57,0.5789,0.494,0.0849,0.0006,0.0014,0.3710638682236923
PEPEUSDT,oversold_high_volume,4,31,0.5484,0.427,0.1214,0.0013,0.0031,0.3706781439563244
VETUSDT,strong_mom_down,1,31,0.5806,0.466,0.1146,0.0015,0.0014,0.37046100114617403
BNBUSDT,ranging_bb_upper,4,48,0.5833,0.492,0.0913,0.0046,0.0016,0.368963472207259
AVAXUSDT,very_high_volume,1,87,0.5172,0.441,0.0762,0.0007,0.0011,0.36759797800482424
FLOWUSDT,high_volume,12,177,0.4689,0.41,0.0589,0.0048,-0.0011,0.36743638589274974
NEARUSDT,big_candle,12,242,0.4711,0.421,0.0501,0.005,0.0,0.3671626646888382
ETHUSDT,rsi_below_30,1,69,0.5652,0.487,0.0782,0.0008,0.001,0.36714147773252537
BNBUSDT,ranging_bb_upper,12,48,0.5417,0.444,0.0977,0.0086,0.0041,0.36666885129739174
CRVUSDT,squeeze_breakout_down,12,49,0.5306,0.432,0.0986,0.0033,0.002,0.36622012
ETHUSDT,very_high_volume,24,94,0.5532,0.485,0.0682,0.0055,0.005,0.3657888582075381
SOLUSDT,bb_near_lower,12,219,0.484,0.433,0.051,0.0014,-0.0008,0.3652898417202427
OPUSDT,squeeze_breakout_up,1,48,0.5625,0.469,0.0935,0.0007,0.0009,0.36438018864230254
FLOWUSDT,big_candle,12,241,0.4606,0.41,0.0506,0.0022,-0.0013,0.3618120041739268
NEARUSDT,high_volume,24,177,0.4859,0.43,0.0559,0.0099,0.0008,0.36136437881765504
SUIUSDT,trend_down_oversold,4,145,0.5241,0.467,0.0571,0.0012,0.0007,0.36035808394034186
INJUSDT,rsi_below_30,1,63,0.5556,0.474,0.0816,0.0009,0.0007,0.3598509640790487
ARPAUSDT,rsi_below_30,1,36,0.5556,0.448,0.1076,0.0014,0.0015,0.35869535999999996
BNBUSDT,bb_lower_high_volume,24,69,0.5217,0.439,0.0827,0.0031,0.0015,0.3583858808498166
XRPUSDT,rsi_below_30,1,63,0.5556,0.475,0.0806,0.0009,0.0007,0.35544102579376624
VETUSDT,trend_down_oversold,4,141,0.5319,0.476,0.0559,0.0008,0.0015,0.35306230688573664
WIFUSDT,bb_mid,1,172,0.4244,0.361,0.0634,0.0012,0.0,0.3528814721517059
NEARUSDT,trend_down_oversold,12,93,0.4946,0.421,0.0736,0.0035,0.0,0.35105357544609167
ZECUSDT,very_high_volume,4,94,0.5,0.428,0.072,0.0032,0.001,0.3490329497339757
FLOWUSDT,ranging_bb_lower,24,45,0.4667,0.356,0.1107,0.0251,-0.0065,0.3465705684254284
OPUSDT,trend_down_oversold,24,122,0.5082,0.447,0.0612,0.0061,0.0009,0.34353105109879545
ZECUSDT,strong_mom_up,24,171,0.4912,0.438,0.0532,0.0098,-0.0075,0.3417181493063218
SUIUSDT,rsi_below_30,4,76,0.5395,0.467,0.0725,0.0021,0.0008,0.34098576710582806
UNIUSDT,squeeze_breakout_down,24,38,0.5526,0.453,0.0996,0.009,0.0025,0.33928293573284934
BNBUSDT,momentum_4h_pos,4,107,0.5514,0.492,0.0594,0.0016,0.0016,0.3388013214679943
ADAUSDT,momentum_continuation_up,1,36,0.5556,0.454,0.1016,0.0012,0.0016,0.33869375999999995
NEARUSDT,rsi_below_35,12,100,0.49,0.421,0.069,0.0028,0.0,0.33810000000000007
CRVUSDT,strong_mom_down,12,113,0.4956,0.432,0.0636,0.0077,0.0,0.3350638968407262
SUIUSDT,trend_down_oversold,24,145,0.4897,0.433,0.0567,0.0053,-0.0006,0.3343467946588011
LTCUSDT,rsi_below_30,12,63,0.5397,0.462,0.0777,0.0038,0.0006,0.33284628313976156
CRVUSDT,trend_down_oversold,24,173,0.4913,0.44,0.0513,0.0012,-0.0013,0.3315027846090969
ADAUSDT,high_volatility,4,39,0.5385,0.44,0.0985,0.0011,0.0008,0.33124874508054747
SOLUSDT,rsi_above_65,1,125,0.528,0.472,0.056,0.0006,0.0006,0.33058028979356896
ZECUSDT,high_volume,12,170,0.4824,0.43,0.0524,0.0021,-0.0011,0.32958166758027063
LDOUSDT,squeeze_breakout_up,4,48,0.5625,0.478,0.0845,0.001,0.0011,0.32930615978903277
SUIUSDT,bb_lower_high_volume,24,56,0.5179,0.433,0.0849,0.0047,0.0011,0.32903918043161606
DOGEUSDT,high_volatility,4,39,0.5641,0.471,0.0931,0.0035,0.0038,0.3279729938304676
LTCUSDT,momentum_12h_neg,4,131,0.5344,0.481,0.0534,0.0009,0.0011,0.32662043608973645
PEPEUSDT,oversold_high_volume,1,31,0.5161,0.403,0.1131,0.0007,0.0026,0.32499547252395855
NEARUSDT,bb_upper_high_volume,1,79,0.5316,0.463,0.0686,0.0027,0.0008,0.32413254084400467
ARPAUSDT,rsi_below_35,12,91,0.5604,0.5,0.0604,0.0068,0.004,0.32289086719833004
ADAUSDT,ranging_bb_upper,4,72,0.5139,0.44,0.0739,0.0025,0.0008,0.3222473126585468
ARPAUSDT,ranging_bb_lower,12,52,0.5769,0.5,0.0769,0.0057,0.0041,0.3199105412393739
AAVEUSDT,trend_down_oversold,24,152,0.4737,0.419,0.0547,0.0032,-0.003,0.3194570707047806
BNBUSDT,rsi_below_35,12,149,0.4966,0.444,0.0526,0.0009,-0.0002,0.31884939228747855
ZECUSDT,squeeze_breakout_up,24,62,0.5161,0.438,0.0781,0.0048,0.0093,0.3173808637210225
LTCUSDT,momentum_4h_neg,12,134,0.5149,0.462,0.0529,0.0016,0.0008,0.31530507648394973
ETHUSDT,bb_upper_high_volume,24,61,0.5574,0.485,0.0724,0.008,0.0097,0.31518856146096674
FLOWUSDT,ranging_bb_upper,24,34,0.4706,0.356,0.1146,0.017,-0.0013,0.3144676672124472
ETHUSDT,very_high_volume,12,94,0.5319,0.471,0.0609,0.0034,0.0011,0.314058975588257
FLOWUSDT,strong_mom_up,1,131,0.5115,0.458,0.0535,0.0024,0.0003,0.3132096021687194
ADAUSDT,bb_lower_high_volume,24,62,0.4839,0.402,0.0819,0.0026,-0.002,0.31205803439819046
ARPAUSDT,strong_mom_down,12,43,0.5814,0.5,0.0814,0.0068,0.0053,0.3103370733035755
ZECUSDT,ranging_bb_upper,24,56,0.5179,0.438,0.0799,0.0181,0.0081,0.3096611368255138
UNIUSDT,strong_mom_down,4,85,0.5294,0.466,0.0634,0.0013,0.0012,0.30944442138280015
BNBUSDT,trend_down_oversold,12,139,0.4964,0.444,0.0524,0.0013,-0.0002,0.3066694116110937
ETHUSDT,bb_upper_high_volume,1,61,0.5574,0.487,0.0704,0.0015,0.0008,0.30648169512226603
DOGEUSDT,ranging_bb_upper,1,69,0.5507,0.484,0.0667,0.0017,0.0003,0.3051163326793092
WIFUSDT,bb_upper_high_volume,1,53,0.4528,0.361,0.0918,0.0024,0.0,0.3026126189721189
ADAUSDT,very_high_volume,1,83,0.5181,0.454,0.0641,0.0014,0.0011,0.3025594123544338
ETHUSDT,momentum_continuation_up,24,33,0.5758,0.485,0.0908,0.0059,0.011,0.300340900806395
SOLUSDT,rsi_above_65,12,125,0.488,0.433,0.055,0.0033,-0.0001,0.3000803225804718
OPUSDT,strong_mom_down,24,105,0.5048,0.447,0.0578,0.0075,0.0016,0.2989797911567402
UNIUSDT,very_high_volume,12,97,0.5155,0.457,0.0585,0.0068,0.0016,0.29700954251431466
SUIUSDT,rsi_below_30,1,76,0.5526,0.491,0.0616,0.0009,0.0008,0.29675523492391104
BNBUSDT,rsi_below_30,4,74,0.5541,0.492,0.0621,0.0012,0.0014,0.29600265753208266
ETHUSDT,bb_upper_high_volume,12,61,0.541,0.471,0.07,0.0047,0.0032,0.29577415522658507
BNBUSDT,ranging_bb_lower,4,57,0.5614,0.492,0.0694,0.0006,0.001,0.2941503074060933
ETHUSDT,momentum_continuation_up,1,33,0.5758,0.487,0.0888,0.0009,0.0002,0.2937254624626418
NEARUSDT,rsi_above_70,1,64,0.5312,0.463,0.0682,0.0025,0.0015,0.28982272
PEPEUSDT,very_high_volume,12,75,0.4667,0.395,0.0717,0.0044,-0.0015,0.2897927981134236
BNBUSDT,momentum_4h_pos,24,107,0.4953,0.439,0.0563,0.004,0.0008,0.288448717059679
FLOWUSDT,oversold_high_volume,4,39,0.5385,0.453,0.0855,0.0027,0.0015,0.28753063659275946
OPUSDT,rsi_below_30,24,68,0.5147,0.447,0.0677,0.0025,0.0012,0.2873407978294325
FLOWUSDT,ranging_bb_lower,4,45,0.5333,0.453,0.0803,0.0014,0.0055,0.28727205812331363
INJUSDT,rsi_below_30,24,63,0.5079,0.437,0.0709,0.0107,0.0007,0.28582138723224043
ADAUSDT,high_volatility,1,39,0.5385,0.454,0.0845,0.0011,0.0004,0.28416770517062195
VETUSDT,ranging_bb_upper,4,55,0.5455,0.476,0.0695,0.0032,0.0006,0.2811647710923926
SOLUSDT,very_high_volume,24,81,0.5185,0.459,0.0595,0.0066,0.0034,0.27765674999999995
ATOMUSDT,oversold_high_volume,12,37,0.5135,0.425,0.0885,0.0008,0.0006,0.27642962249876996
ZECUSDT,squeeze_breakout_up,12,62,0.5,0.43,0.07,0.0012,-0.0,0.27559027559041344
PEPEUSDT,ranging_bb_upper,4,56,0.5,0.427,0.073,0.0024,0.0015,0.2731409892344977
FLOWUSDT,rsi_above_70,1,59,0.5254,0.458,0.0674,0.0039,0.0013,0.2720044259776932
PEPEUSDT,squeeze_breakout_up,12,37,0.4865,0.395,0.0915,0.0062,0.0017,0.27077265334559264
XRPUSDT,oversold_high_volume,24,44,0.5,0.419,0.081,0.0023,-0.0002,0.26864660801878737
ETHUSDT,ranging_bb_upper,24,43,0.5581,0.485,0.0731,0.0152,0.0071,0.26752454079418636
FLOWUSDT,very_high_volume,24,90,0.4222,0.356,0.0662,0.0191,-0.0093,0.26515356654524563
CRVUSDT,ranging_bb_upper,12,60,0.5,0.432,0.068,0.0051,0.0034,0.26336286754210436
ZECUSDT,ranging_bb_upper,12,56,0.5,0.43,0.07,0.0055,0.0024,0.26191601707417594
UNIUSDT,very_high_volume,24,97,0.5052,0.453,0.0522,0.0043,0.0003,0.25972856258859783
VETUSDT,oversold_high_volume,24,47,0.4894,0.412,0.0774,0.0064,-0.0001,0.25968917977516737
AVAXUSDT,strong_mom_down,4,82,0.5,0.443,0.057,0.0011,0.0005,0.2580784764369164
LTCUSDT,bb_lower_high_volume,12,61,0.5246,0.462,0.0626,0.0006,0.0015,0.2564882869467875
OPUSDT,oversold_high_volume,24,36,0.5278,0.447,0.0808,0.0066,0.0032,0.25587744
LDOUSDT,very_high_volume,12,85,0.5294,0.477,0.0524,0.0028,0.0041,0.25575532619020075
LTCUSDT,bb_upper_high_volume,1,52,0.5385,0.473,0.0655,0.0015,0.0009,0.25434820640069394
INJUSDT,rsi_below_30,12,63,0.4921,0.427,0.0651,0.0135,-0.0003,0.2542755652001551
NEARUSDT,strong_mom_down,1,65,0.5231,0.463,0.0601,0.0007,0.0009,0.2534637583909118
VETUSDT,squeeze_breakout_down,24,32,0.5,0.412,0.088,0.0142,0.0003,0.24890158697766473
AVAXUSDT,bb_upper_high_volume,1,70,0.5,0.441,0.059,0.002,0.0005,0.24681470782755227
NEARUSDT,rsi_below_30,12,38,0.5,0.421,0.079,0.004,0.0013,0.24349435311727455
ADAUSDT,very_high_volume,4,83,0.494,0.44,0.054,0.0006,0.0004,0.24302992615725333
ARPAUSDT,bb_lower_high_volume,12,35,0.5714,0.5,0.0714,0.0087,0.0054,0.24136398634770684
LTCUSDT,very_high_volume,4,77,0.5325,0.481,0.0515,0.0015,0.0011,0.24064242961874469
ZECUSDT,bb_upper_high_volume,24,77,0.4935,0.438,0.0555,0.0088,-0.0008,0.2403396933473797
BNBUSDT,ranging_bb_lower,1,57,0.5614,0.505,0.0564,0.0009,0.0003,0.23905010573060032
OPUSDT,bb_lower_high_volume,12,49,0.5102,0.444,0.0662,0.003,0.0025,0.23642667999999997
ADAUSDT,strong_mom_down,12,77,0.4675,0.41,0.0575,0.0043,-0.0011,0.23588201143858453
SOLUSDT,momentum_continuation_up,1,31,0.5484,0.472,0.0764,0.0009,0.0007,0.23327685501040515
UNIUSDT,bb_lower_high_volume,12,50,0.52,0.457,0.063,0.0021,0.0017,0.231648181516713
AVAXUSDT,high_volatility,4,66,0.5,0.443,0.057,0.0013,0.0006,0.2315350945321249
NEARUSDT,rsi_below_30,4,38,0.5263,0.455,0.0713,0.0035,0.0012,0.23132080670007138
NEARUSDT,bb_upper_high_volume,4,79,0.5063,0.455,0.0513,0.0058,0.0023,0.23085476235787708
VETUSDT,rsi_below_30,24,59,0.4746,0.412,0.0626,0.0051,-0.0011,0.22820653292334644
UNIUSDT,squeeze_breakout_down,12,38,0.5263,0.457,0.0693,0.0051,0.008,0.22483214452054623
UNIUSDT,high_volatility,1,60,0.5333,0.479,0.0543,0.0011,0.0013,0.2243091752126203
ADAUSDT,bb_upper_high_volume,1,67,0.5075,0.454,0.0535,0.0015,0.0009,0.22224255944730187
SUIUSDT,oversold_high_volume,24,44,0.5,0.433,0.067,0.0058,-0.0001,0.2222138609538118
ZECUSDT,bb_upper_high_volume,4,77,0.4805,0.428,0.0525,0.0055,-0.002,0.2213594453774505
LDOUSDT,high_volatility,1,43,0.5349,0.472,0.0629,0.002,0.0013,0.2206263962122309
DOGEUSDT,bb_lower_high_volume,4,55,0.5273,0.471,0.0563,0.0006,0.0008,0.22016461032442408
DOGEUSDT,ranging_bb_upper,4,69,0.5217,0.471,0.0507,0.0081,0.0018,0.21971177943271708
WIFUSDT,ranging_bb_upper,24,47,0.4894,0.424,0.0654,0.0071,0.0056,0.2194272914379321
FLOWUSDT,bb_upper_high_volume,24,54,0.4259,0.356,0.0699,0.0426,-0.0055,0.21876694180034928
BTCUSDT,momentum_continuation_up,1,32,0.5625,0.494,0.0685,0.0022,0.0012,0.21796566530075331
NEARUSDT,strong_mom_down,4,65,0.5077,0.455,0.0527,0.0016,0.0007,0.21571207523934885
CRVUSDT,bb_lower_high_volume,12,55,0.4909,0.432,0.0589,0.0014,-0.0004,0.21443203721786888
PEPEUSDT,ranging_bb_upper,1,56,0.4643,0.403,0.0613,0.0012,0.0,0.21298703692566268
ADAUSDT,bb_lower_high_volume,12,62,0.4677,0.41,0.0577,0.003,-0.0006,0.2124902599503662
ADAUSDT,strong_mom_down,24,77,0.4545,0.402,0.0525,0.007,-0.0074,0.20938161898866028
SOLUSDT,rsi_above_70,12,68,0.4853,0.433,0.0523,0.0053,-0.0028,0.20929865454774144
NEARUSDT,ranging_bb_upper,1,38,0.5263,0.463,0.0633,0.0006,0.0008,0.20536615798197078
NEARUSDT,rsi_below_30,1,38,0.5263,0.463,0.0633,0.0022,0.0008,0.20536615798197078
ZECUSDT,momentum_continuation_up,12,49,0.4898,0.43,0.0598,0.0012,-0.0011,0.20503028
OPUSDT,squeeze_breakout_down,24,35,0.5143,0.447,0.0673,0.0094,0.0065,0.20476966072375932
ZECUSDT,ranging_bb_upper,4,56,0.4821,0.428,0.0541,0.0032,-0.0004,0.1951768974309142
AAVEUSDT,oversold_high_volume,12,47,0.5106,0.455,0.0556,0.0053,0.0003,0.1946276464864414
PEPEUSDT,squeeze_breakout_up,24,37,0.4595,0.392,0.0675,0.0088,-0.0029,0.18866448333036215
DOGEUSDT,ranging_bb_lower,12,45,0.4889,0.432,0.0569,0.0028,-0.0008,0.1866115673578798
BTCUSDT,ranging_bb_upper,4,37,0.5405,0.485,0.0555,0.0008,0.0001,0.1824691896932534
FLOWUSDT,rsi_above_70,24,59,0.4068,0.356,0.0508,0.0374,-0.0248,0.15873425658383383
PEPEUSDT,squeeze_breakout_up,1,37,0.4595,0.403,0.0565,0.001,0.0,0.1579191601209698
